INSERT INTO usuarios (nombre, fecha_nacimiento, telefono, email)
VALUES ('Julián Mesa', DATE '1985-05-20', '600123456', 'jmesa@libreria.com');

INSERT INTO usuarios (nombre, fecha_nacimiento, telefono, email)
VALUES ('Beatriz Soto', DATE '1992-11-03', '600987654', 'bsoto@libreria.com');

INSERT INTO usuarios (nombre, fecha_nacimiento, telefono, email)
VALUES ('Carlos Ruiz', DATE '1988-03-12', '600000001', 'cruiz@libreria.com');

INSERT INTO usuarios (nombre, fecha_nacimiento, telefono, email)
VALUES ('Ana Belén', DATE '1995-07-22', '600000002', 'abelen@libreria.com');

INSERT INTO usuarios (nombre, fecha_nacimiento, telefono, email)
VALUES ('Ricardo Gómez', DATE '1980-01-15', '600000003', 'rgomez@libreria.com');

INSERT INTO usuarios (nombre, fecha_nacimiento, telefono, email)
VALUES ('Lucía Fernández', DATE '1993-11-30', '600000004', 'lfernandez@libreria.com');

INSERT INTO usuarios (nombre, fecha_nacimiento, telefono, email)
VALUES ('Marcos Paez', DATE '1990-05-05', '600000005', 'mpaez@libreria.com');

INSERT INTO usuarios (nombre, fecha_nacimiento, telefono, email)
VALUES ('Sofía Vega', DATE '1987-09-18', '600000006', 'svega@libreria.com');

INSERT INTO usuarios (nombre, fecha_nacimiento, telefono, email)
VALUES ('David Sanz', DATE '1994-02-25', '600000007', 'dsanz@libreria.com');

INSERT INTO usuarios (nombre, fecha_nacimiento, telefono, email)
VALUES ('Elena Cano', DATE '1991-08-14', '600000008', 'ecano@libreria.com');

INSERT INTO usuarios (nombre, fecha_nacimiento, telefono, email)
VALUES ('Javier López', DATE '1985-12-10', '600000009', 'jlopez@libreria.com');

INSERT INTO usuarios (nombre, fecha_nacimiento, telefono, email)
VALUES ('Marta Gil', DATE '1996-04-03', '600000010', 'mgil@libreria.com');

INSERT INTO usuarios (nombre, fecha_nacimiento, telefono, email)
VALUES ('Pablo Mora', DATE '1982-06-21', '600000011', 'pmora@libreria.com');

INSERT INTO usuarios (nombre, fecha_nacimiento, telefono, email)
VALUES ('Irene Soler', DATE '1998-10-12', '600000012', 'isoler@libreria.com');

INSERT INTO usuarios (nombre, fecha_nacimiento, telefono, email)
VALUES ('Hugo Rivas', DATE '1989-03-29', '600000013', 'hrivas@libreria.com');

INSERT INTO usuarios (nombre, fecha_nacimiento, telefono, email)
VALUES ('Clara Diez', DATE '1992-01-08', '600000014', 'cdiez@libreria.com');

INSERT INTO usuarios (nombre, fecha_nacimiento, telefono, email)
VALUES ('Raúl Castro', DATE '1986-11-11', '600000015', 'rcastro@libreria.com');



INSERT INTO clientes (nombre, fecha_nacimiento, telefono, email, direccion)
VALUES ('Alberto García', DATE '1975-02-14', '655111222', 'alberto.g@email.com', 'Calle Mayor 12');

INSERT INTO clientes (nombre, fecha_nacimiento, telefono, email, direccion)
VALUES ('Elena Martínez', DATE '1998-08-30', '655444555', 'emartinez@email.com', 'Avenida Central 45');

INSERT INTO clientes (nombre, fecha_nacimiento, telefono, email, direccion)
VALUES ('Roberto Solis', DATE '1982-04-10', '655000001', 'roberto@email.com', 'Calle Luna 4');

INSERT INTO clientes (nombre, fecha_nacimiento, telefono, email, direccion)
VALUES ('Laura Peña', DATE '1995-12-05', '655000002', 'lpena@email.com', 'Plaza Mayor 1');

INSERT INTO clientes (nombre, fecha_nacimiento, telefono, email, direccion)
VALUES ('Miguel Rivas', DATE '1970-08-20', '655000003', 'mrivas@email.com', 'Av. De la Paz 12');

INSERT INTO clientes (nombre, fecha_nacimiento, telefono, email, direccion)
VALUES ('Sandra Luz', DATE '1999-01-15', '655000004', 'sluz@email.com', 'Calle Estrecha 22');

INSERT INTO clientes (nombre, fecha_nacimiento, telefono, email, direccion)
VALUES ('Jorge Herrero', DATE '1988-06-30', '655000005', 'jherrero@email.com', 'Paseo del Prado 9');

INSERT INTO clientes (nombre, fecha_nacimiento, telefono, email, direccion)
VALUES ('Isabel Torres', DATE '1992-03-12', '655000006', 'itorres@email.com', 'Calle Nueva 56');

INSERT INTO clientes (nombre, fecha_nacimiento, telefono, email, direccion)
VALUES ('Fernando Rey', DATE '1978-09-25', '655000007', 'frey@email.com', 'Calle Olvido 13');

INSERT INTO clientes (nombre, fecha_nacimiento, telefono, email, direccion)
VALUES ('Carmen Ortiz', DATE '1985-11-02', '655000008', 'cortiz@email.com', 'Calle Real 100');

INSERT INTO clientes (nombre, fecha_nacimiento, telefono, email, direccion)
VALUES ('Antonio Bueno', DATE '2001-05-20', '655000009', 'abueno@email.com', 'Av. Constitución 4');

INSERT INTO clientes (nombre, fecha_nacimiento, telefono, email, direccion)
VALUES ('Mónica Silva', DATE '1994-07-08', '655000010', 'msilva@email.com', 'Calle Sol 2');

INSERT INTO clientes (nombre, fecha_nacimiento, telefono, email, direccion)
VALUES ('Pedro Duarte', DATE '1980-02-28', '655000011', 'pduarte@email.com', 'Plaza España 5');

INSERT INTO clientes (nombre, fecha_nacimiento, telefono, email, direccion)
VALUES ('Rosa Blanca', DATE '1997-10-14', '655000012', 'rblanca@email.com', 'Calle Mayor 50');

INSERT INTO clientes (nombre, fecha_nacimiento, telefono, email, direccion)
VALUES ('Luis Miguel', DATE '1983-04-19', '655000013', 'lmiguel@email.com', 'Calle Alcala 12');

INSERT INTO clientes (nombre, fecha_nacimiento, telefono, email, direccion)
VALUES ('Sara Connor', DATE '1990-12-12', '655000014', 'sconnor@email.com', 'Calle Futuro 1984');

INSERT INTO clientes (nombre, fecha_nacimiento, telefono, email, direccion)
VALUES ('Victor Hugo', DATE '1975-06-06', '655000015', 'vhugo@email.com', 'Calle Francesa 10');





INSERT INTO autores (nombre, nacionalidad, fecha_nacimiento, biografia)
VALUES ('Gabriel García Márquez', 'Colombiana', DATE '1927-03-06', 'Premio Nobel de Literatura en 1982.');

INSERT INTO autores (nombre, nacionalidad, fecha_nacimiento, biografia)
VALUES ('George R.R. Martin', 'Estadounidense', DATE '1948-09-20', 'Autor de la saga Canción de Hielo y Fuego.');

INSERT INTO autores (nombre, nacionalidad, fecha_nacimiento, biografia)
VALUES ('Isabel Allende', 'Chilena', DATE '1942-08-02', 'Escritora de La Casa de los Espíritus.');

INSERT INTO autores (nombre, nacionalidad, fecha_nacimiento, biografia)
VALUES ('Stephen King', 'Estadounidense', DATE '1947-09-21', 'Maestro del terror contemporáneo.');

INSERT INTO autores (nombre, nacionalidad, fecha_nacimiento, biografia)
VALUES ('J.K. Rowling', 'Británica', DATE '1965-07-31', 'Creadora del universo de Harry Potter.');

INSERT INTO autores (nombre, nacionalidad, fecha_nacimiento, biografia)
VALUES ('Haruki Murakami', 'Japonesa', DATE '1949-01-12', 'Autor de Tokyo Blues y Kafka en la orilla.');

INSERT INTO autores (nombre, nacionalidad, fecha_nacimiento, biografia)
VALUES ('Julio Cortázar', 'Argentina', DATE '1914-08-26', 'Gran innovador del relato corto y la novela.');

INSERT INTO autores (nombre, nacionalidad, fecha_nacimiento, biografia)
VALUES ('Ernest Hemingway', 'Estadounidense', DATE '1899-07-21', 'Ganador del Nobel y autor de El viejo y el mar.');

INSERT INTO autores (nombre, nacionalidad, fecha_nacimiento, biografia)
VALUES ('Jane Austen', 'Británica', DATE '1775-12-16', 'Autora de Orgullo y Prejuicio.');

INSERT INTO autores (nombre, nacionalidad, fecha_nacimiento, biografia)
VALUES ('Jorge Luis Borges', 'Argentina', DATE '1899-08-24', 'Figura clave de la literatura en español.');

INSERT INTO autores (nombre, nacionalidad, fecha_nacimiento, biografia)
VALUES ('Agatha Christie', 'Británica', DATE '1890-09-15', 'La reina del misterio.');

INSERT INTO autores (nombre, nacionalidad, fecha_nacimiento, biografia)
VALUES ('Miguel de Cervantes', 'Española', DATE '1547-09-29', 'Autor de Don Quijote de la Mancha.');

INSERT INTO autores (nombre, nacionalidad, fecha_nacimiento, biografia)
VALUES ('Toni Morrison', 'Estadounidense', DATE '1931-02-18', 'Primera mujer afroamericana en ganar el Nobel.');

INSERT INTO autores (nombre, nacionalidad, fecha_nacimiento, biografia)
VALUES ('Umberto Eco', 'Italiana', DATE '1932-01-05', 'Autor de El nombre de la rosa.');

INSERT INTO autores (nombre, nacionalidad, fecha_nacimiento, biografia)
VALUES ('Virginia Woolf', 'Británica', DATE '1882-01-25', 'Pionera del modernismo literario.');

INSERT INTO autores (nombre, nacionalidad, fecha_nacimiento, biografia)
VALUES ('Franz Kafka', 'Checa', DATE '1883-07-03', 'Autor de La Metamorfosis.');

INSERT INTO autores (nombre, nacionalidad, fecha_nacimiento, biografia)
VALUES ('Oscar Wilde', 'Irlandesa', DATE '1854-10-16', 'Autor de El retrato de Dorian Gray.');


INSERT INTO categorias (nombre_categoria) VALUES ('Realismo Mágico');

INSERT INTO categorias (nombre_categoria) VALUES ('Fantasía');

INSERT INTO categorias (nombre_categoria) VALUES ('Novela Histórica');

INSERT INTO categorias (nombre_categoria) VALUES ('Terror');

INSERT INTO categorias (nombre_categoria) VALUES ('Ciencia Ficción');

INSERT INTO categorias (nombre_categoria) VALUES ('Romance');

INSERT INTO categorias (nombre_categoria) VALUES ('Policial');

INSERT INTO categorias (nombre_categoria) VALUES ('Clásicos');

INSERT INTO categorias (nombre_categoria) VALUES ('Biografía');

INSERT INTO categorias (nombre_categoria) VALUES ('Ensayo');

INSERT INTO categorias (nombre_categoria) VALUES ('Aventura');

INSERT INTO categorias (nombre_categoria) VALUES ('Juvenil');

INSERT INTO categorias (nombre_categoria) VALUES ('Poesía');

INSERT INTO categorias (nombre_categoria) VALUES ('Drama');

INSERT INTO categorias (nombre_categoria) VALUES ('Suspenso');

INSERT INTO categorias (nombre_categoria) VALUES ('Infantil');

INSERT INTO categorias (nombre_categoria) VALUES ('Autoayuda');

INSERT INTO categorias (nombre_categoria) VALUES ('Cómic');



INSERT INTO libros (id_autor, id_categoria, nombre, isbn, editorial, ano_publicacion, precio, stock)
VALUES (3, 1, 'La casa de los espíritus', '978-8401341588', 'Plaza Janés', 1982, 19.00, 15);

INSERT INTO libros (id_autor, id_categoria, nombre, isbn, editorial, ano_publicacion, precio, stock)
VALUES (4, 6, 'It', '978-8401337185', 'Plaza  Janés', 1986, 28.50, 10);

INSERT INTO libros (id_autor, id_categoria, nombre, isbn, editorial, ano_publicacion, precio, stock)
VALUES (5, 2, 'Harry Potter y la piedra filosofal', '978-8478884452', 'Salamandra', 1997, 15.95, 50);

INSERT INTO libros (id_autor, id_categoria, nombre, isbn, editorial, ano_publicacion, precio, stock)
VALUES (6, 1, 'Kafka en la orilla', '978-8483104408', 'Tusquets', 2002, 21.00, 12);

INSERT INTO libros (id_autor, id_categoria, nombre, isbn, editorial, ano_publicacion, precio, stock)
VALUES (7, 1, 'Rayuela', '978-8420437439', 'Alfaguara', 1963, 22.90, 8);

INSERT INTO libros (id_autor, id_categoria, nombre, isbn, editorial, ano_publicacion, precio, stock)
VALUES (8, 1, 'El viejo y el mar', '978-8497598064', 'Debolsillo', 1952, 11.50, 20);

INSERT INTO libros (id_autor, id_categoria, nombre, isbn, editorial, ano_publicacion, precio, stock)
VALUES (9, 1, 'Orgullo y Prejuicio', '978-8491051329', 'Penguin Clásicos', 1813, 14.95, 25);

INSERT INTO libros (id_autor, id_categoria, nombre, isbn, editorial, ano_publicacion, precio, stock)
VALUES (10, 1, 'El Aleph', '978-8466332422', 'Debolsillo', 1949, 13.00, 18);

INSERT INTO libros (id_autor, id_categoria, nombre, isbn, editorial, ano_publicacion, precio, stock)
VALUES (11, 4, 'Diez negritos', '978-8467049442', 'Espasa', 1939, 12.50, 30);

INSERT INTO libros (id_autor, id_categoria, nombre, isbn, editorial, ano_publicacion, precio, stock)
VALUES (12, 1, 'Don Quijote de la Mancha', '978-8424116316', 'Everest', 1605, 26.00, 5);

INSERT INTO libros (id_autor, id_categoria, nombre, isbn, editorial, ano_publicacion, precio, stock)
VALUES (13, 1, 'Beloved', '978-8490628072', 'Debolsillo', 1987, 16.90, 14);

INSERT INTO libros (id_autor, id_categoria, nombre, isbn, editorial, ano_publicacion, precio, stock)
VALUES (14, 4, 'El nombre de la rosa', '978-8426418524', 'Lumen', 1980, 20.00, 22);

INSERT INTO libros (id_autor, id_categoria, nombre, isbn, editorial, ano_publicacion, precio, stock)
VALUES (15, 1, 'Al faro', '978-8420655055', 'Alianza', 1927, 10.95, 9);

INSERT INTO libros (id_autor, id_categoria, nombre, isbn, editorial, ano_publicacion, precio, stock)
VALUES (16, 1, 'La Metamorfosis', '978-8420651361', 'Alianza', 1915, 9.50, 40);

INSERT INTO libros (id_autor, id_categoria, nombre, isbn, editorial, ano_publicacion, precio, stock)
VALUES (17, 1, 'El retrato de Dorian Gray', '978-8467049381', 'Austral', 1890, 11.00, 15);



INSERT INTO ventas (id_cliente, id_usuario, estado_pago) VALUES (1, 1, 'Completado');
INSERT INTO ventas (id_cliente, id_usuario, estado_pago) VALUES (2, 2, 'Pendiente');
INSERT INTO ventas (id_cliente, id_usuario, estado_pago) VALUES (9, 3, 'Completado');
INSERT INTO ventas (id_cliente, id_usuario, estado_pago) VALUES (4, 5, 'Completado');
INSERT INTO ventas (id_cliente, id_usuario, estado_pago) VALUES (5, 2, 'Pendiente');
INSERT INTO ventas (id_cliente, id_usuario, estado_pago) VALUES (6, 7, 'Cancelado');
INSERT INTO ventas (id_cliente, id_usuario, estado_pago) VALUES (17, 3, 'Completado');
INSERT INTO ventas (id_cliente, id_usuario, estado_pago) VALUES (12, 9, 'Pendiente');
INSERT INTO ventas (id_cliente, id_usuario, estado_pago) VALUES (2, 4, 'Completado');
INSERT INTO ventas (id_cliente, id_usuario, estado_pago) VALUES (8, 1, 'Procesando');
INSERT INTO ventas (id_cliente, id_usuario, estado_pago) VALUES (9, 10, 'Completado');
INSERT INTO ventas (id_cliente, id_usuario, estado_pago) VALUES (10, 2, 'Cancelado');
INSERT INTO ventas (id_cliente, id_usuario, estado_pago) VALUES (3, 17, 'Completado');
INSERT INTO ventas (id_cliente, id_usuario, estado_pago) VALUES (5, 8, 'Pendiente');
INSERT INTO ventas (id_cliente, id_usuario, estado_pago) VALUES (7, 11, 'Completado');
INSERT INTO ventas (id_cliente, id_usuario, estado_pago) VALUES (14, 3, 'Procesando');
INSERT INTO ventas (id_cliente, id_usuario, estado_pago) VALUES (6, 12, 'Completado');





INSERT INTO detalle_venta (id_venta, id_libro, cantidad, precio_aplicado) VALUES (1, 1, 1, 18.90);
INSERT INTO detalle_venta (id_venta, id_libro, cantidad, precio_aplicado) VALUES (2, 2, 1, 26.50);
INSERT INTO detalle_venta (id_venta, id_libro, cantidad, precio_aplicado) VALUES (3, 3, 1, 19.00);
INSERT INTO detalle_venta (id_venta, id_libro, cantidad, precio_aplicado) VALUES (4, 4, 1, 28.50);
INSERT INTO detalle_venta (id_venta, id_libro, cantidad, precio_aplicado) VALUES (5, 5, 2, 15.95);
INSERT INTO detalle_venta (id_venta, id_libro, cantidad, precio_aplicado) VALUES (6, 6, 1, 21.00);
INSERT INTO detalle_venta (id_venta, id_libro, cantidad, precio_aplicado) VALUES (7, 7, 1, 22.90);
INSERT INTO detalle_venta (id_venta, id_libro, cantidad, precio_aplicado) VALUES (8, 8, 3, 11.50);
INSERT INTO detalle_venta (id_venta, id_libro, cantidad, precio_aplicado) VALUES (9, 9, 1, 14.95);
INSERT INTO detalle_venta (id_venta, id_libro, cantidad, precio_aplicado) VALUES (10, 10, 1, 13.00);
INSERT INTO detalle_venta (id_venta, id_libro, cantidad, precio_aplicado) VALUES (11, 11, 2, 12.50);
INSERT INTO detalle_venta (id_venta, id_libro, cantidad, precio_aplicado) VALUES (12, 12, 1, 26.00);
INSERT INTO detalle_venta (id_venta, id_libro, cantidad, precio_aplicado) VALUES (13, 13, 1, 16.90);
INSERT INTO detalle_venta (id_venta, id_libro, cantidad, precio_aplicado) VALUES (14, 14, 1, 20.00);
INSERT INTO detalle_venta (id_venta, id_libro, cantidad, precio_aplicado) VALUES (15, 15, 1, 10.95);
INSERT INTO detalle_venta (id_venta, id_libro, cantidad, precio_aplicado) VALUES (16, 3, 5, 9.50);
INSERT INTO detalle_venta (id_venta, id_libro, cantidad, precio_aplicado) VALUES (17, 12, 1, 11.00);
